전주시립도서관꽃심,이희건 ; 차윤석 ; 김선빈 ; 박병익 ; 김선혜 글 ; 이우일 ; 박기종 그림,"(교양으로 읽는) 용선생 세계사. 1, 고대 문명의 탄생 - 4대 문명과 아메리카 고...",전주시립어린이자료실,"['교양으로', '읽는', '용선생', '세계사', '고대', '문명의', '탄생', '대', '문명과', '아메리카', '고대', '문명']"
전주시립도서관꽃심,닉 블랜드 글·그림 ; 김혜진 옮김,돼지왕[s],전주시립어린이자료실,['돼지왕']
전주시립도서관꽃심,질 바움 글 ; 티에리 드되 그림 ; 정지숙 옮김,책으로 전쟁을 멈춘 남작,전주시립어린이자료실,"['책으로', '전쟁을', '멈춘', '남작']"
전주시립도서관꽃심,백종원 ; 얌이 [공]글 ; 이정태 그림,"(백종원의) 도전 요리왕 [만화]. 1, 일본",전주시립어린이자료실,"['백종원의', '도전', '요리왕', '만화', '일본']"
전주시립도서관꽃심,백종원 ; 남지은 [공]글 ; 이정태 그림,"(백종원의) 도전 요리왕 [만화]. 3, 이탈리아",전주시립어린이자료실,"['백종원의', '도전', '요리왕', '만화', '이탈리아']"
전주시립도서관꽃심,김언정 글 ; 김찬 그림,(판타지 모험 RPG 게임코믹) 드래곤 빌리지[만화]'=Dragon village. 26,전주시립어린이자료실,"['판타지', '모험', '게임코믹', '드래곤', '빌리지만화']"
전주시립도서관꽃심,고정순 엮음,"오월 광주는, 다시 희망입니다 : 문재인 대통령 5.18 민주화 운동 기념사",전주시립어린이자료실,"['오월', '광주는', '다시', '희망입니다', '문재인', '대통령', '민주화', '운동', '기념사']"
전주시립도서관꽃심,차윤석 ...[등]글 ; 이우일 ; 박기종 [공]그림,"(교양으로 읽는) 용선생 세계사. 10, 혁명의 시대 2 - 독일·이탈리아의 통일, ...",전주시립어린이자료실,"['교양으로', '읽는', '용선생', '세계사', '혁명의', '시대', '독일이탈리아의', '통일', '미국', '내전과', '서부', '개척', '사회주의']"
전주시립도서관꽃심,차윤석 ...[등]글 ; 이우일 ; 박기종 [공]그림,"(교양으로 읽는) 용선생 세계사. 11, 제국주의의 등장 - 제국주의의 등장, 이슬람...",전주시립어린이자료실,"['교양으로', '읽는', '용선생', '세계사', '제국주의의', '등장', '제국주의의', '등장', '이슬람', '세계의', '쇠퇴', '청나라의', '몰락과', '일본의', '부상']"
전주시립도서관꽃심,차윤석 ; 김선빈 ; 김선혜 글 ; 장유영 ; 정지윤 구성 ; 이우일 ; 박기종 그림,"(교양으로 읽는) 용선생 세계사. 15, 현대 세계 질서의 수립 - 데탕트, 사회주의...",전주시립어린이자료실,"['교양으로', '읽는', '용선생', '세계사', '현대', '세계', '질서의', '수립', '데탕트', '사회주의의', '몰락', '아시아의', '부상', '세계화', '시대']"
전주시립도서관꽃심,차윤석 ...[등]글 ; 이우일 ; 박기종 [공]그림,"(교양으로 읽는) 용선생 세계사. 12, 제국주의의 확산과 제1차 세계 대전 - 세계...",전주시립어린이자료실,"['교양으로', '읽는', '용선생', '세계사', '제국주의의', '확산과', '제차', '세계', '대전', '세계의', '민족', '운동', '러시아독일의', '성장', '제차', '세계', '대전']"
전주시립도서관꽃심,이희건 ; 차윤석 ; 김선빈 ; 박병익 ; 김선혜 [공]글 ; 이우일 ; 박기종 [공]그림,"(교양으로 읽는) 용선생 세계사. 2, 통일 제국의 등장 1 - 페르시아, 그리스, ...",전주시립어린이자료실,"['교양으로', '읽는', '용선생', '세계사', '통일', '제국의', '등장', '페르시아', '그리스', '로마', '제국']"
전주시립도서관꽃심,이희건 ; 차윤석 ; 김선빈 ; 박병익 ; 김선혜 [공]글 ; 이우일 ; 박기종 [공]그림,"(교양으로 읽는) 용선생 세계사. 3, 통일 제국의 등장 2 - 마우리아 왕조, 진·...",전주시립어린이자료실,"['교양으로', '읽는', '용선생', '세계사', '통일', '제국의', '등장', '마우리아', '왕조', '진한', '흉노', '제국']"
전주시립도서관꽃심,이희건 ; 차윤석 ; 김선빈 ; 박병익 ; 김선혜 글 ; 이우일 ; 박기종 그림,"(교양으로 읽는) 용선생 세계사. 5, 전쟁과 교역으로 더욱 가까워진 세계 - 유럽 ...",전주시립어린이자료실,"['교양으로', '읽는', '용선생', '세계사', '전쟁과', '교역으로', '더욱', '가까워진', '세계', '유럽', '봉건', '제도', '몽골', '제국', '십자군', '전쟁']"
전주시립도서관꽃심,이희건 ; 차윤석 ; 김선빈 ; 박병익 ; 김선혜 글 ; 이우일 ; 박기종 그림,"(교양으로 읽는) 용선생 세계사. 4, 지역 문화권의 형성 - 아시아, 이슬람, 유럽...",전주시립어린이자료실,"['교양으로', '읽는', '용선생', '세계사', '지역', '문화권의', '형성', '아시아', '이슬람', '유럽', '문화권']"
전주시립도서관꽃심,차윤석 ...[등]글 ; 이우일 ; 박기종 [공]그림 ; 김경진 지도 ; 북앤포토 사진,"(교양으로 읽는) 용선생 세계사. 13, 두 세계 대전 사이의 세계-러시아 혁명, 경...",전주시립어린이자료실,"['교양으로', '읽는', '용선생', '세계사', '두', '세계', '대전', '사이의', '세계러시아', '혁명', '경제', '대공황', '전체주의의', '등장']"
전주시립도서관꽃심,이희건 ; 차윤석 ; 김선빈 ; 박병익 ; 김선혜 글 ; 이우일 ; 박기종 그림,"(교양으로 읽는) 용선생 세계사. 6, 격변하는 세계 1 - 르네상스, 종교 개혁, ...",전주시립어린이자료실,"['교양으로', '읽는', '용선생', '세계사', '격변하는', '세계', '르네상스', '종교', '개혁', '신항로', '개척', '오스만', '제국의', '부상']"
전주시립도서관꽃심,이희건 외 글 ; 이우일 ; 박기종 [공]그림,"(교양으로 읽는) 용선생 세계사. 7, 격변하는 세계 2 - 에스파냐의 부상, 명나라...",전주시립어린이자료실,"['교양으로', '읽는', '용선생', '세계사', '격변하는', '세계', '에스파냐의', '부상', '명나라', '일본의', '전국', '시대']"
전주시립도서관꽃심,이희건 ...[등]글 ; 이우일 ; 박기종 [공]그림,"(교양으로 읽는) 용선생 세계사. 8, 분출하는 유럽, 정점에 선 아시아 - 절대 왕...",전주시립어린이자료실,"['교양으로', '읽는', '용선생', '세계사', '분출하는', '유럽', '정점에', '선', '아시아', '절대', '왕정', '과학', '혁명과', '계몽주의', '청나라', '에도', '막부']"
전주시립도서관꽃심,차윤석 [외]글 ; 이우일 ; 박기종 [공]그림,"(교양으로 읽는) 용선생 세계사. 9, 혁명의 시대 1-산업 혁명, 미국 독립 혁명,...",전주시립어린이자료실,"['교양으로', '읽는', '용선생', '세계사', '혁명의', '시대', '산업', '혁명', '미국', '독립', '혁명', '프랑스', '대혁명', '나폴레옹의', '등장']"
전주시립도서관꽃심,차윤석 ...[등]글 ; 이우일 ; 박기종 그림,"(교양으로 읽는) 용선생 세계사. 14, 제2차 세계 대전과 냉전의 시작 - 제2차 ...",전주시립어린이자료실,"['교양으로', '읽는', '용선생', '세계사', '제차', '세계', '대전과', '냉전의', '시작', '제차', '세계', '대전과', '태평양', '전쟁', '전후', '처리', '냉전']"
전주시립도서관꽃심,최나미 지음 ; 정문주 그림,엄마의 마흔 번째 생일,전주시립어린이자료실,"['엄마의', '마흔', '번째', '생일']"
전주시립도서관꽃심,최봄 글 ; 박다솜 그림,도서관으로 간 씨앗,전주시립어린이자료실,"['도서관으로', '간', '씨앗']"
전주시립도서관꽃심,애비 핸슨 글·그림 ; 이미영 옮김,글쓰기 왕 랄프 : 입말 따라 시작하는 글쓰기,전주시립어린이자료실,"['글쓰기', '왕', '랄프', '입말', '따라', '시작하는', '글쓰기']"
전주시립도서관꽃심,이솝 원작 ; 양현주 그림,토끼와 거북이,전주시립어린이자료실,"['토끼와', '거북이']"
전주시립도서관꽃심,엘렌 두티에 지음 ; 다니엘라 마르타곤 그림 ; 어린이철학교육연구소 옮김,"나, 진짜 사람이야!",전주시립어린이자료실,"['나', '진짜', '사람이야']"
전주시립도서관꽃심,박상재 글 ; 구지현 그림,따라쟁이 앵무새,전주시립어린이자료실,"['따라쟁이', '앵무새']"
전주시립도서관꽃심,조윤주 글 ; 김시은 그림,나의 손녀 - 우리 할머니,전주시립어린이자료실,"['나의', '손녀', '우리', '할머니']"
전주시립도서관꽃심,이덕화 지음,궁디 팡팡,전주시립어린이자료실,"['궁디', '팡팡']"
전주시립도서관꽃심,허아성 글·그림,끼리끼리 코끼리 : 허아성 그림책,전주시립어린이자료실,"['끼리끼리', '코끼리', '허아성', '그림책']"
전주시립도서관꽃심,    방정환 글 ; 김동성 그림,시골 쥐의 서울 구경,전주시립어린이자료실,"['시골', '쥐의', '서울', '구경']"
전주시립도서관꽃심,김영진 글·그림,엄마는 왜,전주시립어린이자료실,"['엄마는', '왜']"
전주시립도서관꽃심,김민지 글 ; 김고은 그림,"비벼, 비벼! 비빔밥",전주시립어린이자료실,"['비벼', '비벼', '비빔밥']"
전주시립도서관꽃심,이주홍 글 ; 김동성 그림,메아리,전주시립어린이자료실,['메아리']
전주시립도서관꽃심,고대영 글 ; 김영진 그림,싸워도 돼요,전주시립어린이자료실,"['싸워도', '돼요']"
전주시립도서관꽃심,GBN ; 잇츠플레이 [공]글 ; GBN 그림,(신비아파트) 오싹오싹 무서운 이야기. 1,전주시립어린이자료실,"['신비아파트', '오싹오싹', '무서운', '이야기']"
전주시립도서관꽃심,장경선 지음 ; 신민재 그림,(열두 살 일구의 독립운동) 언제나 3월 1일,전주시립어린이자료실,"['열두', '살', '일구의', '독립운동', '언제나', '월', '일']"
전주시립도서관꽃심,김해등 지음 ; 이경석 그림,"서울 샌님 정약전과 바다 탐험대. 1, 검은섬 대소동",전주시립어린이자료실,"['서울', '샌님', '정약전과', '바다', '탐험대', '검은섬', '대소동']"
전주시립도서관꽃심,진형민 글 ; 한지선 그림,기호 3번 안석뽕 : 진형민 장편동화,전주시립어린이자료실,"['기호', '번', '안석뽕', '진형민', '장편동화']"
전주시립도서관꽃심,김해등 지음 ; 이경석 그림,"서울 샌님 정약전과 바다 탐험대. 2, 물고기가 노는 집",전주시립어린이자료실,"['서울', '샌님', '정약전과', '바다', '탐험대', '물고기가', '노는', '집']"
전주시립도서관꽃심,안나 워커 글·그림 ; 신수진 옮김,"안녕, 울적아 [s]",전주시립어린이자료실,"['안녕', '울적아']"
전주시립도서관꽃심,브리타니 루비아노 글 ; 마이크 월 그림 ; 양윤선 옮김,"나, 곰돌이 푸 그리고 풍선 : 백-에이커 숲에서 다시 만난 친구들의 이야기",전주시립어린이자료실,"['나', '곰돌이', '푸', '그리고', '풍선', '백에이커', '숲에서', '다시', '만난', '친구들의', '이야기']"
전주시립도서관꽃심,요시타케 신스케 글·그림 ; 고향욱 옮김,보이거나 안 보이거나,전주시립어린이자료실,"['보이거나', '안', '보이거나']"
전주시립도서관꽃심,구도 노리코 글·그림 ; 윤수정 옮김,초밥이 빙글빙글,전주시립어린이자료실,"['초밥이', '빙글빙글']"
전주시립도서관꽃심,모리야마 미야코 지음 ; 쓰치다 요시하루 그림 ; 양선하 옮김,노란 양동이,전주시립어린이자료실,"['노란', '양동이']"
전주시립도서관꽃심,구도 나오코 글 ; 호테하마 다카시 그림 ; 이기웅 옮김,작은 배추,전주시립어린이자료실,"['작은', '배추']"
전주시립도서관꽃심,아이노 하부카이넨 글 ; 사미 토이보넨 그림 ; 이지영 옮김,"타투와 파투 모험. 1, 아찔한 우주 대모험",전주시립어린이자료실,"['타투와', '파투', '모험', '아찔한', '우주', '대모험']"
전주시립도서관꽃심,안나 워커 글·그림 ; 김영진 옮김,페기 : 용감한 암탉의 위대한 모험,전주시립어린이자료실,"['페기', '용감한', '암탉의', '위대한', '모험']"
전주시립도서관꽃심,카르멘 애그라 디디 글 ; 유진 옐친 그림 ; 김경희 옮김,수탉과 독재자,전주시립어린이자료실,"['수탉과', '독재자']"
전주시립도서관꽃심,조리 존 글 ; 피트 오즈월드 그림 ; 김경희 옮김,나쁜 씨앗,전주시립어린이자료실,"['나쁜', '씨앗']"
전주시립도서관꽃심,키스 포크너 지음 ; 조너선 램버트 그림 ; 정채민 옮김,입이 큰 개구리 [북스타트],전주시립어린이자료실,"['입이', '큰', '개구리', '북스타트']"
전주시립도서관꽃심,슈 히입 글·그림 ; 엄혜숙 옮김,공주님과 드레스,전주시립어린이자료실,"['공주님과', '드레스']"
전주시립도서관꽃심,존 버닝햄 지음·그림 ; 엄혜숙 옮김,(깃털 없는 기러기) 보르카 [s],전주시립어린이자료실,"['깃털', '없는', '기러기', '보르카']"
전주시립도서관꽃심,로시오 보니야 글·그림 ; 곽정아 옮김,책으로 쌓은 세상에서 가장 높은 산'=Highest mountain of books ...,전주시립어린이자료실,"['책으로', '쌓은', '세상에서', '가장', '높은', '산']"
전주시립도서관꽃심,수사나 이세른 글 ; 레이레 살라베르리아 그림 ; 유아가다 옮김,1등이 아니어도 괜찮아,전주시립어린이자료실,"['등이', '아니어도', '괜찮아']"
전주시립도서관꽃심,최태성 ; 김지원 [공]글 ; 신동민 그림,"(큰별쌤과) 못말리는 한국사 수호대. 1, 미션: 선사 시대로 숨은 번개도둑을 잡아랏...",전주시립어린이자료실,"['큰별쌤과', '못말리는', '한국사', '수호대', '미션', '선사', '시대로', '숨은', '번개도둑을', '잡아랏', '우리', '아이', '첫', '놀이', '한국사']"
전주시립도서관꽃심,설민석 ; 스토리박스 [공]글 ; 정현희 그림,"설민석의 한국사 대모험 [만화]. 10, 임시정부 편-공갈이는 어디에",전주시립어린이자료실,"['설민석의', '한국사', '대모험', '만화', '임시정부', '편공갈이는', '어디에']"
전주시립도서관꽃심,김향금 글 ; 토끼도둑 그림,(예술가가 사랑한) 아름다운 유럽 도시,전주시립어린이자료실,"['예술가가', '사랑한', '아름다운', '유럽', '도시']"
전주시립도서관꽃심,레이철 이그노토프스키 글·그림 ; 안민희 옮김,(세상을 바꾼) 여성 과학자 50 : 두려움 없이 자신의 꿈을 향해 나아가다!,전주시립어린이자료실,"['세상을', '바꾼', '여성', '과학자', '두려움', '없이', '자신의', '꿈을', '향해', '나아가다']"
전주시립도서관꽃심,잠뜰TV 원작 ; 한바리 글 ; 루체 그림,"블라인드. 5, 대극장 살인사건",전주시립어린이자료실,"['블라인드', '대극장', '살인사건']"
전주시립도서관꽃심,줄리 김 지음 ; 성기홍 옮김,사라진 할머니,전주시립어린이자료실,"['사라진', '할머니']"
전주시립도서관꽃심,도나 바르바 이게라 글 ; 김선희 옮김,마지막 이야기 전달자,전주시립어린이자료실,"['마지막', '이야기', '전달자']"
전주시립도서관꽃심,서지원 글 ; 이승연 그림,"고구마 탐정 : 과학. 1, 사라진 대왕 진주 귀걸이",전주시립어린이자료실,"['고구마', '탐정', '과학', '사라진', '대왕', '진주', '귀걸이']"
전주시립도서관꽃심,서지원 글 ; 이승연 그림,"고구마 탐정 : 과학. 2, 비듬 마을에 나타난 코브라",전주시립어린이자료실,"['고구마', '탐정', '과학', '비듬', '마을에', '나타난', '코브라']"
전주시립도서관꽃심,서지원 글 ; 이승연 그림,"고구마 탐정 : 수학. 1, 수학-사각형 씨의 위대한 유산",전주시립어린이자료실,"['고구마', '탐정', '수학', '수학사각형', '씨의', '위대한', '유산']"
전주시립도서관꽃심,강무홍 글 ; 김효은 그림,우리가 걸어가면 길이 됩니다,전주시립어린이자료실,"['우리가', '걸어가면', '길이', '됩니다']"
전주시립도서관꽃심,박수현 글·그림,"(봄을 깨우는 신들의 노래, ) 보티첼리의 봄",전주시립어린이자료실,"['봄을', '깨우는', '신들의', '노래', '보티첼리의', '봄']"
전주시립도서관꽃심,김세실 ; 용휘 글 ; 손지희 그림,"밥, 예쁘게 먹겠습니다",전주시립어린이자료실,"['밥', '예쁘게', '먹겠습니다']"
전주시립도서관꽃심,우현옥 엮음 ; 이병용 만화 ; 지현경 그림,알아 두면 잘난척 하기 딱 좋은 상식 퀴즈,전주시립어린이자료실,"['알아', '두면', '잘난척', '하기', '딱', '좋은', '상식', '퀴즈']"
전주시립도서관꽃심,짐 크리스티안 지음 ; 전성민 옮김,놀이와 게임으로 만나는 코딩의 세계 : 생각하는 코더가 될래요,전주시립어린이자료실,"['놀이와', '게임으로', '만나는', '코딩의', '세계', '생각하는', '코더가', '될래요']"
전주시립도서관꽃심,이순신 원작 ; 김은중 글 ; 구연산 그림,(처음 만나는) 난중일기,전주시립어린이자료실,"['처음', '만나는', '난중일기']"
전주시립도서관꽃심,김부식 원작 ; 함윤미 글 ; 양소남 그림,(처음 만나는) 삼국사기,전주시립어린이자료실,"['처음', '만나는', '삼국사기']"
전주시립도서관꽃심,일연 원작 ; 함윤미 글 ; 김서윤 그림,(처음 만나는) 삼국유사,전주시립어린이자료실,"['처음', '만나는', '삼국유사']"
전주시립도서관꽃심,오유진 편저 ; 김서윤 그림,(처음 만나는) 옹고집전,전주시립어린이자료실,"['처음', '만나는', '옹고집전']"
전주시립도서관꽃심,이솝 원작 ; 김수아 편저 ; 이덕영 그림,(처음 만나는) 이솝우화,전주시립어린이자료실,"['처음', '만나는', '이솝우화']"
전주시립도서관꽃심,류성룡 원작 ; 표시정 글 ; 구연산 그림,(처음 만나는) 징비록,전주시립어린이자료실,"['처음', '만나는', '징비록']"
전주시립도서관꽃심,김지향 편저 ; 김바울 그림,(처음 만나는) 탈무드,전주시립어린이자료실,"['처음', '만나는', '탈무드']"
전주시립도서관꽃심,허균 원작 ; 김유철 ; 이유진 [공]편저 ; 김바울 그림,(처음 만나는) 홍길동전,전주시립어린이자료실,"['처음', '만나는', '홍길동전']"
전주시립도서관꽃심,자연사학회연합 편 ; 조민정 옮김,"초등학생을 위한 자연과학 365. 2, 2학기",전주시립어린이자료실,"['초등학생을', '위한', '자연과학', '학기']"
전주시립도서관꽃심,자연사학회연합 지음 ; 조민정 옮김,"초등학생을 위한 자연과학 365. 1, 1학기",전주시립어린이자료실,"['초등학생을', '위한', '자연과학', '학기']"
전주시립도서관꽃심,수학교육학회연구부 지음 ; 김소영 옮김,"초등학생을 위한 수학실험 365. 1, 1학기",전주시립어린이자료실,"['초등학생을', '위한', '수학실험', '학기']"
전주시립도서관꽃심,수학교육학회연구부 지음 ; 김소영 옮김,"초등학생을 위한 수학실험 365. 2, 2학기",전주시립어린이자료실,"['초등학생을', '위한', '수학실험', '학기']"
전주시립도서관꽃심,정윤선 지음 ; 김제도 그림,초등학생을 위한 개념과학 150,전주시립어린이자료실,"['초등학생을', '위한', '개념과학']"
전주시립도서관꽃심,이준범 글 ; 김기수 그림,"LIVE 과학[만화]. 2, 슈퍼컴퓨터 : 첨단과학",전주시립어린이자료실,"['과학만화', '슈퍼컴퓨터', '첨단과학']"
전주시립도서관꽃심,박동명 글 ; 김수현 그림,"LIVE 과학[만화]. 3, 네트워크와 모바일 : 첨단과학",전주시립어린이자료실,"['과학만화', '네트워크와', '모바일', '첨단과학']"
전주시립도서관꽃심,우리몸연구소 글 ; 유정연 그림,(1·2학년이 꼭 읽어야 할 교과서) 우리 몸,전주시립어린이자료실,"['학년이', '꼭', '읽어야', '할', '교과서', '우리', '몸']"
전주시립도서관꽃심,샬럿 폴츠 존스 지음 ; 원지인 옮김,위대한 발명의 실수투성이 역사,전주시립어린이자료실,"['위대한', '발명의', '실수투성이', '역사']"
전주시립도서관꽃심,박은혜 글 ; 이태영 그림,"허팝 호기심 상식 [만화]. 1, 도전 부자되자!",전주시립어린이자료실,"['허팝', '호기심', '상식', '만화', '도전', '부자되자']"
전주시립도서관꽃심,고은애 ; 김영미 ; 문상온 ; 박효연 [공]지음 ; 구연산 그림,초등학생을 위한 개념 한국지리 150,전주시립어린이자료실,"['초등학생을', '위한', '개념', '한국지리']"
전주시립도서관꽃심,박은혜 글 ; 이태영 그림,"허팝 호기심 상식 [만화]. 2, 도전 위기 탈출!",전주시립어린이자료실,"['허팝', '호기심', '상식', '만화', '도전', '위기', '탈출']"
전주시립도서관꽃심,이형진 글·그림,알고보니! 연필이 깜장 괴물이라고,전주시립어린이자료실,"['알고보니', '연필이', '깜장', '괴물이라고']"
전주시립도서관꽃심,마루야마 아야코 글·그림 ; 엄혜숙 옮김,열까지 세면 엄마가 올까,전주시립어린이자료실,"['열까지', '세면', '엄마가', '올까']"
전주시립도서관꽃심,미셸 멀더 지음 ; 김은영 옮김 ; 설은정 그림,씨앗 빌려주는 도서관,전주시립어린이자료실,"['씨앗', '빌려주는', '도서관']"
전주시립도서관꽃심,박경은 글·그림 ; 김란희 채색,"(1％ 특별한) 재능 있는 아이, 재능 없는 아이 [만화][훼손]",전주시립어린이자료실,"['특별한', '재능', '있는', '아이', '재능', '없는', '아이', '만화훼손']"
전주시립도서관꽃심,곰돌이co. 글 ; 홍종현 그림,"(본격 대결 과학실험 만화) 내일은 실험왕[만화]. 18, 식물의 대결",전주시립어린이자료실,"['본격', '대결', '과학실험', '만화', '내일은', '실험왕만화', '식물의', '대결']"
전주시립도서관꽃심,E. 리처드 처칠 ; 루이스 V. 뢰슈니그 ; 뮤리엘 맨델 지음 ; 강수희 옮김,초등학생을 위한 과학실험 380,전주시립어린이자료실,"['초등학생을', '위한', '과학실험']"
전주시립도서관꽃심,주부와 생활사 지음 ; 윤경희 옮김,초등학생을 위한 요리 과학실험 365,전주시립어린이자료실,"['초등학생을', '위한', '요리', '과학실험']"
전주시립도서관꽃심,안데르센 원작 ; 정미금 글 ; 장혜경 그림,Thumbelina,전주시립어린이자료실,[]
전주시립도서관꽃심,한국전래동화 원작 ; 유아비전 글 ; 박요한 그림,Heungbu and Nolbu,전주시립어린이자료실,[]
전주시립도서관꽃심,윤석중 외 작사 ; 홍난파 외 작곡 ; 최미숙 그림,(동요 그림책) 나팔 불어요,전주시립어린이자료실,"['동요', '그림책', '나팔', '불어요']"
전주시립도서관꽃심,류재수 지음,노란 우산,전주시립어린이자료실,"['노란', '우산']"
전주시립도서관꽃심,주영상 글 ; 이영환 그림,151마리 몬스터의 숲.exe : 포켓몬스터 개발자 타지리 사토시 이야기,전주시립어린이자료실,"['마리', '몬스터의', '숲', '포켓몬스터', '개발자', '타지리', '사토시', '이야기']"
전주시립도서관꽃심,알렉산드라 아르티모프스카 지음 ; 김영선 옮김,80일간의 퀴즈 여행,전주시립어린이자료실,"['일간의', '퀴즈', '여행']"
전주시립도서관꽃심,전재신 지음 ; 정유정 그림,가늘고 긴 음식,전주시립어린이자료실,"['가늘고', '긴', '음식']"
전주시립도서관꽃심,가순열 글 ; 윤성미 그림,가짜 백점. 2,전주시립어린이자료실,"['가짜', '백점']"
전주시립도서관꽃심,최재훈 글 ; 임해봉 그림,"LIVE 과학[만화]. 1, 4차 산업 혁명 : 첨단과학",전주시립어린이자료실,"['과학만화', '차', '산업', '혁명', '첨단과학']"
전주시립도서관꽃심,이형진 글·그림,알고 보니 풍선껌이,전주시립어린이자료실,"['알고', '보니', '풍선껌이']"
전주시립도서관꽃심,조영경 지음 ; 이중복 그림,난 독서록 쓰기가 정말 신나! : 친구들과 함께 배우는 재미난 독서록 쓰기,전주시립어린이자료실,"['난', '독서록', '쓰기가', '정말', '신나', '친구들과', '함께', '배우는', '재미난', '독서록', '쓰기']"
전주시립도서관꽃심,이형진 글·그림,알고보니 아이스크림이,전주시립어린이자료실,"['알고보니', '아이스크림이']"
전주시립도서관꽃심,이형진 글·그림,알고보니 집게가!,전주시립어린이자료실,"['알고보니', '집게가']"
전주시립도서관꽃심,이형진 글·그림,알고보니 팝콘이,전주시립어린이자료실,"['알고보니', '팝콘이']"
전주시립도서관꽃심,최재훈 글 ; 김문식 그림,"LIVE 과학[만화]. 4, 사물 인터넷 : 첨단과학",전주시립어린이자료실,"['과학만화', '사물', '인터넷', '첨단과학']"
전주시립도서관꽃심,김정욱 글 ; 인진호 그림,"LIVE 과학[만화]. 5, 코딩과 프로그래밍 : 첨단과학",전주시립어린이자료실,"['과학만화', '코딩과', '프로그래밍', '첨단과학']"
전주시립도서관꽃심,윤희진 글 ; 신혜진 그림,"(호기심이 쿵쾅대는) 한국사 아파트. 1, 선사 시대, 고조선",전주시립어린이자료실,"['호기심이', '쿵쾅대는', '한국사', '아파트', '선사', '시대', '고조선']"
전주시립도서관꽃심,윤희진 글 ; 신혜진 그림,"(호기심이 쿵쾅대는) 한국사 아파트. 2, 삼국 시대, 남북국 시대",전주시립어린이자료실,"['호기심이', '쿵쾅대는', '한국사', '아파트', '삼국', '시대', '남북국', '시대']"
전주시립도서관꽃심,윤희진 글 ; 신혜진 그림,"(호기심이 쿵쾅대는) 한국사 아파트. 3, 고려 시대",전주시립어린이자료실,"['호기심이', '쿵쾅대는', '한국사', '아파트', '고려', '시대']"
전주시립도서관꽃심,조종순 글 ; 심영화 ...[등]그림,(1·2학년이 꼭 읽어야 할 교과서) 전래 동화,전주시립어린이자료실,"['학년이', '꼭', '읽어야', '할', '교과서', '전래', '동화']"
전주시립도서관꽃심,송년식 엮음 ; 이예휘 그림,(1·2학년이 꼭 읽어야 할 교과서) 탈무드,전주시립어린이자료실,"['학년이', '꼭', '읽어야', '할', '교과서', '탈무드']"
전주시립도서관꽃심,브래드 멜처 글 ; 크리스토퍼 엘리오풀로스 그림 ; 마술연필 옮김,나는 마틴 루서 킹이야!,전주시립어린이자료실,"['나는', '마틴', '루서', '킹이야']"
전주시립도서관꽃심,홍종의 글 ; 조승연 그림,나는 북만길이다,전주시립어린이자료실,"['나는', '북만길이다']"
전주시립도서관꽃심,브래드 멜처 글 ; 크리스토퍼 엘리오풀로스 그림 ; 마술연필 옮김,나는 아인슈타인이야!,전주시립어린이자료실,"['나는', '아인슈타인이야']"
전주시립도서관꽃심,브래드 멜처 글 ; 크리스토퍼 엘리오풀로스 그림 ; 마술연필 옮김,나는 헬렌 켈러야!,전주시립어린이자료실,"['나는', '헬렌', '켈러야']"
전주시립도서관꽃심,브래드 멜처 글 ; 크리스토퍼 엘리오풀로스 그림 ; 마술연필 옮김,나는 제인 구달이야!,전주시립어린이자료실,"['나는', '제인', '구달이야']"
전주시립도서관꽃심,줄리 크라우리스 글·그림 ; 김선희 옮김,나만의 특별한 옷,전주시립어린이자료실,"['나만의', '특별한', '옷']"
전주시립도서관꽃심,오무라 도모코 글·그림 ; 고향옥 옮김,나무늘보야 어디 가,전주시립어린이자료실,"['나무늘보야', '어디', '가']"
전주시립도서관꽃심,    오스카 와일드 원저 ; 권규헌 글 ; 이은주 그림,거인의 정원,전주시립어린이자료실,"['거인의', '정원']"
전주시립도서관꽃심,롭 비티 지음 ; 강채민 옮김,과학 잘하는 40가지 비밀,전주시립어린이자료실,"['과학', '잘하는', '가지', '비밀']"
전주시립도서관꽃심,장준영 글·그림,길이 있어,전주시립어린이자료실,"['길이', '있어']"
전주시립도서관꽃심,톰 퍼시벌 글·그림 ; 장우봉 옮김,걱정은 걱정 말아요,전주시립어린이자료실,"['걱정은', '걱정', '말아요']"
전주시립도서관꽃심,브렌다 S. 마일스 지음 ; 스티브 맥 그림 ; 장윤정 옮김,"괜찮아, 할 수 있어 : 배움과 성장을 위한 아동 심리",전주시립어린이자료실,"['괜찮아', '할', '수', '있어', '배움과', '성장을', '위한', '아동', '심리']"
전주시립도서관꽃심,로이 미키 글 ; 줄리 플렛 그림 ; 길상효 옮김,구조 바람,전주시립어린이자료실,"['구조', '바람']"
전주시립도서관꽃심,이은빈 지음 ; 제킴 그림,깊은 산속 작은 연못에,전주시립어린이자료실,"['깊은', '산속', '작은', '연못에']"
전주시립도서관꽃심,정옥 글 ; 유영근 그림,꽁꽁산 : 소보로별 이야기,전주시립어린이자료실,"['꽁꽁산', '소보로별', '이야기']"
전주시립도서관꽃심,  쁘띠삐에 지음,꿀오소리 이야기,전주시립어린이자료실,"['꿀오소리', '이야기']"
전주시립도서관꽃심,신은경 글 ; 이영림 그림,꿈을 파는 요괴,전주시립어린이자료실,"['꿈을', '파는', '요괴']"
전주시립도서관꽃심,배순아 글·그림,"꽈당, 넘어진 날",전주시립어린이자료실,"['꽈당', '넘어진', '날']"
전주시립도서관꽃심,정하섭 글 ; 전미화 그림,겁쟁이 이산,전주시립어린이자료실,"['겁쟁이', '이산']"
전주시립도서관꽃심,이가을 글 ; 김주경 그림,고양이를 기르는 생쥐,전주시립어린이자료실,"['고양이를', '기르는', '생쥐']"
전주시립도서관꽃심,마르가리타 델 마소 글 ; 구리디 그림 ; 김지애 옮김,고집불통 4번 양,전주시립어린이자료실,"['고집불통', '번', '양']"
전주시립도서관꽃심,가미조 사나에 글 ; 이토 미키 그림 ; 정주혜 옮김,강아지가 처음 우리 집에 온 날,전주시립어린이자료실,"['강아지가', '처음', '우리', '집에', '온', '날']"
전주시립도서관꽃심,한해숙 글 ; 송은선 그림,강아지도 마음이 있나요,전주시립어린이자료실,"['강아지도', '마음이', '있나요']"
전주시립도서관꽃심,신채연 글 ; 김미연 그림,개 사용 금지법,전주시립어린이자료실,"['개', '사용', '금지법']"
전주시립도서관꽃심,로베르토 인노첸티 지음 ; 김영선 옮김,끝없는 항해,전주시립어린이자료실,"['끝없는', '항해']"
전주시립도서관꽃심,브래드 멜처 글 ; 크리스토퍼 엘리오풀로스 그림 ; 마술연필 옮김,나는 로자 파크스야!,전주시립어린이자료실,"['나는', '로자', '파크스야']"
전주시립도서관꽃심,김경숙 글 ; 이영림 그림,골라줘! 초이스 킹,전주시립어린이자료실,"['골라줘', '초이스', '킹']"
전주시립도서관꽃심,테아 펠드만 외 지음 ; 디즈니 스토리북 아티스트 그림,"곰돌이 푸, 네가 좋으면 나도 좋아",전주시립어린이자료실,"['곰돌이', '푸', '네가', '좋으면', '나도', '좋아']"
전주시립도서관꽃심,캐서린 하프카 글 ; 디즈니스토리북아티스트 그림 ; 주니어RHK 편역,"곰돌이 푸, 신나는 하루를 시작해",전주시립어린이자료실,"['곰돌이', '푸', '신나는', '하루를', '시작해']"
전주시립도서관꽃심,캐서린 하프카 지음 ; 디즈니스토리북아티스트 그림 ; 주니어RHK 편역,"곰돌이 푸, 우린 멋진 친구들이야",전주시립어린이자료실,"['곰돌이', '푸', '우린', '멋진', '친구들이야']"
전주시립도서관꽃심,전이수 글·그림,"나의 가족, 사랑하나요",전주시립어린이자료실,"['나의', '가족', '사랑하나요']"
전주시립도서관꽃심,케이트 메스너 글 ; 매튜 포사이드 그림 ; 안지원 옮김,"눈부신 바다 : 바다의 숲, 산호초를 살리는 사람들의 이야기",전주시립어린이자료실,"['눈부신', '바다', '바다의', '숲', '산호초를', '살리는', '사람들의', '이야기']"
전주시립도서관꽃심,라곰씨 글 ; 김혜승 그림,"(무엇이든 해결단) 허팝 연구소. 1, 우당탕 시청 대소동",전주시립어린이자료실,"['무엇이든', '해결단', '허팝', '연구소', '우당탕', '시청', '대소동']"
전주시립도서관꽃심,라곰씨 글 ; 김혜승 그림,"(무엇이든 해결단) 허팝 연구소. 2, 버니랜드 귀신 대소동",전주시립어린이자료실,"['무엇이든', '해결단', '허팝', '연구소', '버니랜드', '귀신', '대소동']"
전주시립도서관꽃심,라곰씨 글 ; 정준규 그림,"(무엇이든 해결단) 허팝 연구소. 3, 아이돌 구출 대작전",전주시립어린이자료실,"['무엇이든', '해결단', '허팝', '연구소', '아이돌', '구출', '대작전']"
전주시립도서관꽃심,바바라 에샴 글 ; 마이크 고든 그림 ; 김수민 옮김,딴 생각이 데굴데굴,전주시립어린이자료실,"['딴', '생각이', '데굴데굴']"
전주시립도서관꽃심,미카엘 엘 파티 지음 ; 권지현 옮김,모아비 : 세상에서 가장 오래된 나무,전주시립어린이자료실,"['모아비', '세상에서', '가장', '오래된', '나무']"
전주시립도서관꽃심,안소피 보만 글 ; 디디에 발리세빅 그림 ; 박대진 옮김,(무브무브 플랩북) 움직이는 엔진 : 세상의 모든 탈것,전주시립어린이자료실,"['무브무브', '플랩북', '움직이는', '엔진', '세상의', '모든', '탈것']"
전주시립도서관꽃심,김재성 글 ; 백명식 그림,"몬스터 치과 병원. 1, 치아들이 도망갔어요!-치아의 구조와 나쁜 습관",전주시립어린이자료실,"['몬스터', '치과', '병원', '치아들이', '도망갔어요치아의', '구조와', '나쁜', '습관']"
전주시립도서관꽃심,안소피 보만 글 ; 디디에 발리세빅 그림 ; 박대진 옮김,(무브무브 플랩북) 움직이는 도시 : 내가 사는 도시의 이모저모,전주시립어린이자료실,"['무브무브', '플랩북', '움직이는', '도시', '내가', '사는', '도시의', '이모저모']"
전주시립도서관꽃심,호세 캄파나리 글 ; 에블린 다비디 그림 ; 김지애 옮김,난민이 뭐예요,전주시립어린이자료실,"['난민이', '뭐예요']"
전주시립도서관꽃심,앙투안 기요페 지음 ; 박대진 옮김,눈세계,전주시립어린이자료실,['눈세계']
전주시립도서관꽃심,질 티보 글 ; 브뤼노 생오뱅 그림 ; 조민영 옮김,니콜라는 너무 바빠!,전주시립어린이자료실,"['니콜라는', '너무', '바빠']"
전주시립도서관꽃심,서동애 글 ; 김혜화 그림,단물이 내리는 정자,전주시립어린이자료실,"['단물이', '내리는', '정자']"
전주시립도서관꽃심,박선희 지음 ; 이미진 그림,"듣고 싶은 말만 들을래요 : 소통, 공감 능력을 키워 주는 쓴소리의 힘!",전주시립어린이자료실,"['듣고', '싶은', '말만', '들을래요', '소통', '공감', '능력을', '키워', '주는', '쓴소리의', '힘']"
전주시립도서관꽃심,줄리아 핀리 모스카 글 ; 대니얼 리얼리 그림 ; 길상효 옮김,동물학자 템플 그랜딘 : 생각이 사진처럼 찰칵찰칵!,전주시립어린이자료실,"['동물학자', '템플', '그랜딘', '생각이', '사진처럼', '찰칵찰칵']"
전주시립도서관꽃심,정연철 글 ; 유설화 그림,두근두근 집 보기 대작전,전주시립어린이자료실,"['두근두근', '집', '보기', '대작전']"
전주시립도서관꽃심,HR기획 구성,미로찾기 왕 : 잠자는 두뇌를 깨워라!,전주시립어린이자료실,"['미로찾기', '왕', '잠자는', '두뇌를', '깨워라']"
전주시립도서관꽃심,헤이즐 허친스 ; 게일 허버트 [공]글 ; 릴 크럼프 그림 ; 김혜진 옮김,미술관에 또 갈래,전주시립어린이자료실,"['미술관에', '또', '갈래']"
전주시립도서관꽃심,쓰카모토 야스시 글·그림 ; 김윤수 옮김,밀가루 학교,전주시립어린이자료실,"['밀가루', '학교']"
전주시립도서관꽃심,테리 펜 ; 에릭 펜 글·그림 ; 이순영 옮김,바다와 하늘이 만나다,전주시립어린이자료실,"['바다와', '하늘이', '만나다']"
전주시립도서관꽃심,그림 형제 원작 ; 권규헌 글 ; 이미리 그림,난쟁이와 구둣방 할아버지,전주시립어린이자료실,"['난쟁이와', '구둣방', '할아버지']"
전주시립도서관꽃심,샨다 멕로스키 글·그림 ; 김선영 옮김,내 로봇은 Doll-E 1.0,전주시립어린이자료실,"['내', '로봇은']"
전주시립도서관꽃심,알레인 아지레 글 ; 마이케 그루차가 그림 ; 김지애 옮김,내 친구 마틴은 말이 좀 서툴러요,전주시립어린이자료실,"['내', '친구', '마틴은', '말이', '좀', '서툴러요']"
전주시립도서관꽃심,윤해연 글 ; 박재현 그림,놀면서 해도 돼,전주시립어린이자료실,"['놀면서', '해도', '돼']"
전주시립도서관꽃심,맷 데 라 페냐 지음 ; 로렌 롱 그림 ; 김경미 옮김,너는 사랑이야! : 너와 나 그리고 우리를 이어주는 사랑,전주시립어린이자료실,"['너는', '사랑이야', '너와', '나', '그리고', '우리를', '이어주는', '사랑']"
전주시립도서관꽃심,노경실 글 ; 우쿠쥐 그림,(노경실 선생님이 들려주는) 학교생활 안전,전주시립어린이자료실,"['노경실', '선생님이', '들려주는', '학교생활', '안전']"
전주시립도서관꽃심,히코 다나카 글 ; 요시타케 신스테 그림 ; 고향옥 옮김,레츠는 대단해,전주시립어린이자료실,"['레츠는', '대단해']"
전주시립도서관꽃심,히코 다나카 글 ; 요시타케 신스케 그림 ; 고향옥 옮김,레츠의 심부름,전주시립어린이자료실,"['레츠의', '심부름']"
전주시립도서관꽃심,로알드 달 글 ; 틴 블레이크 그림,(로알드 달의) 무섭고 징그럽고 끔찍한 동물들,전주시립어린이자료실,"['로알드', '달의', '무섭고', '징그럽고', '끔찍한', '동물들']"
전주시립도서관꽃심,정진 글 ; 최미란 그림,마음이 따끔따끔,전주시립어린이자료실,"['마음이', '따끔따끔']"
전주시립도서관꽃심,질 티보 글 ; 장 베르네슈 그림 ; 이정주 옮김,마티유의 까만색 세상,전주시립어린이자료실,"['마티유의', '까만색', '세상']"
전주시립도서관꽃심,정유리 글 ; 이동현 그림,만날 이용하면서도 몰랐던 도서관이야기,전주시립어린이자료실,"['만날', '이용하면서도', '몰랐던', '도서관이야기']"
전주시립도서관꽃심,질 티보 글 ; 엘렌느 데스퓌토 그림 ; 이정주 옮김,말썽쟁이 토마스에게 생긴 일,전주시립어린이자료실,"['말썽쟁이', '토마스에게', '생긴', '일']"
전주시립도서관꽃심,오승현 지음 ; 정재환 그림,(머리에 쏙쏙 들어오는) 초등 어휘 100,전주시립어린이자료실,"['머리에', '쏙쏙', '들어오는', '초등', '어휘']"
전주시립도서관꽃심,한상남 글 ; 김병남 ; 신유미 [공]그림,단추와 단춧구멍,전주시립어린이자료실,"['단추와', '단춧구멍']"
전주시립도서관꽃심,정수 글·그림,달빛 구슬의 주인 : 하늘에서 떨어진 구슬을 훔친 소년 이야기,전주시립어린이자료실,"['달빛', '구슬의', '주인', '하늘에서', '떨어진', '구슬을', '훔친', '소년', '이야기']"
전주시립도서관꽃심,이여희 글·그림,장미나무 이야기 : 오래된 물건에는 신이 있다,전주시립어린이자료실,"['장미나무', '이야기', '오래된', '물건에는', '신이', '있다']"
전주시립도서관꽃심,애나 클레이본 글 ; 브렌던 키어니 그림 ; 김영선 옮김,대륙별 기후별 별별 동물 찾기,전주시립어린이자료실,"['대륙별', '기후별', '별별', '동물', '찾기']"
전주시립도서관꽃심,안 루와이에 글 ; 레일라 브리앙 그림 ; 이승재 옮김,"대통령님, 할 말이 있어요",전주시립어린이자료실,"['대통령님', '할', '말이', '있어요']"
전주시립도서관꽃심,박연경 글·그림,욕심 많은 조 상사 : 빚 대신 호랑이를 받은 양반 이야기,전주시립어린이자료실,"['욕심', '많은', '조', '상사', '빚', '대신', '호랑이를', '받은', '양반', '이야기']"
전주시립도서관꽃심,정수 글·그림,달빛 구슬의 주인[S] : 하늘에서 떨어진 구슬을 훔친 소년 이야기,전주시립어린이자료실,"['달빛', '구슬의', '주인', '하늘에서', '떨어진', '구슬을', '훔친', '소년', '이야기']"
전주시립도서관꽃심,김수연 글·그림,탐라의 빛 : 뱀을 신으로 모시는 제주 풍속,전주시립어린이자료실,"['탐라의', '빛', '뱀을', '신으로', '모시는', '제주', '풍속']"
전주시립도서관꽃심,조애너 콜 글 ; 브루스 디건 그림 ; 이연수 옮김,"신기한 스쿨버스. 5, 바닷속으로 들어가다",전주시립어린이자료실,"['신기한', '스쿨버스', '바닷속으로', '들어가다']"
전주시립도서관꽃심,그림 형제 원작 ; 정미금 지음 ; 임지윤 그림,브레멘 음악대[S],전주시립어린이자료실,"['브레멘', '음악대']"
전주시립도서관꽃심,김용삼 글 ; 이경국 그림,바보 삼이,전주시립어린이자료실,"['바보', '삼이']"
전주시립도서관꽃심,에밀리 랜드 글·그림 ; 안지원 옮김,밤의 소리를 들어 봐,전주시립어린이자료실,"['밤의', '소리를', '들어', '봐']"
전주시립도서관꽃심,신채연 글 ; 김고은 그림,백 점 먹는 햄스터,전주시립어린이자료실,"['백', '점', '먹는', '햄스터']"
전주시립도서관꽃심,사사키 아리 글 ; 더 캐빈 컴퍼니 그림 ; 김윤수 옮김,방귀 해파리,전주시립어린이자료실,"['방귀', '해파리']"
전주시립도서관꽃심,수즈 휴즈 글·그림 ; 이영란 옮김,별들이 다 어디 갔지,전주시립어린이자료실,"['별들이', '다', '어디', '갔지']"
전주시립도서관꽃심,문진영 글 ; 김정환 그림,병어 공주와 빨간 실,전주시립어린이자료실,"['병어', '공주와', '빨간', '실']"
전주시립도서관꽃심,장뤼크 프로망탈 글 ; 조엘 졸리베 그림 ; 최정수 옮김,뼈를 도둑맞았어요!,전주시립어린이자료실,"['뼈를', '도둑맞았어요']"